{"train_loss": 6.105223655700684, "samples_seen": 5632, "_timestamp": 1705474858.85059, "_runtime": 87.08906698226929, "_step": 9, "_wandb": {"runtime": 90}}